<?xml version="1.0" encoding="UTF-8"?>
<beans xmlns="http://www.springframework.org/schema/beans" xmlns:xsi="http://www.w3.org/2001/XMLSchema-instance" xmlns:context="http://www.springframework.org/schema/context" xsi:schemaLocation="http://www.springframework.org/schema/beans http://www.springframework.org/schema/beans/spring-beans.xsd
    http://www.springframework.org/schema/context http://www.springframework.org/schema/context/spring-context.xsd">
	<bean id="address" class="com.employee.CustomerDetails.Address">
		<property name="street" value="korinaggaya gari vedhi"></property>
		<property name="city" value="pasalapudi"></property>
		<property name="state" value="Andhra Pradesh"></property>
		<property name="Zip" value="533261"></property>
		<property name="country" value="India"></property>
	</bean>
	<bean id="customer" class="com.employee.CustomerDetails.Customer">
		<property name="CustomerId" value="123"></property>
		<property name="CustomerName" value="Venkatareddy"></property>
		<property name="CustomerContact" value="9493830482"></property>
		<property name="address" ref="address"></property>

	</bean>

</beans>